GROUP,PACKAGE,CLASS,INSTRUCTION_MISSED,INSTRUCTION_COVERED,BRANCH_MISSED,BRANCH_COVERED,LINE_MISSED,LINE_COVERED,COMPLEXITY_MISSED,COMPLEXITY_COVERED,METHOD_MISSED,METHOD_COVERED
HR Management,com.atomicnorth.hrm.tenant.service.dto.attendance,SupraShiftDetailsDTO,515,0,102,0,13,0,80,0,29,0
HR Management,com.atomicnorth.hrm.tenant.service.dto.attendance,AttendanceMoafDTO,835,0,166,0,21,0,128,0,45,0
HR Management,com.atomicnorth.hrm.tenant.service.dto.attendance,UserDTO,315,0,62,0,8,0,50,0,19,0
HR Management,com.atomicnorth.hrm.tenant.service.dto.attendance,SupraShiftDTO,595,0,118,0,15,0,92,0,33,0
HR Management,com.atomicnorth.hrm.tenant.service.dto.attendance,AttendanceMOAFDataRequestDTO,221,0,40,0,6,0,35,0,15,0
HR Management,com.atomicnorth.hrm.tenant.service.dto.attendance,ShiftRosterRequestDTO,233,0,36,0,7,0,35,0,17,0
HR Management,com.atomicnorth.hrm.tenant.service.dto.attendance,FetchUserShiftAssignHistoryReturnDataDTO,126,0,0,0,15,0,26,0,26,0
HR Management,com.atomicnorth.hrm.tenant.service.dto.attendance,UserDetailDTO,208,0,38,0,11,0,32,0,13,0
HR Management,com.atomicnorth.hrm.tenant.service.dto.attendance,ShiftEmployeeDTO,98,0,4,0,15,0,20,0,18,0
HR Management,com.atomicnorth.hrm.tenant.service.dto.attendance,RosterRemarkDTO,555,0,110,0,14,0,86,0,31,0
HR Management,com.atomicnorth.hrm.tenant.service.keycloak.role,KeycloakRoleService,1130,0,103,0,226,0,71,0,17,0
HR Management,com.atomicnorth.hrm.tenant.service.keycloak.role,KeycloakRoleAssignToUserService,379,0,18,0,82,0,19,0,10,0
HR Management,com.atomicnorth.hrm.tenant.domain.company,Ses_M00_Set_Up_Company,1375,0,254,0,35,0,196,0,69,0
HR Management,com.atomicnorth.hrm.tenant.domain.company,Ses_M00_Set_Up_Company.Ses_M00_Set_Up_CompanyBuilder,288,0,0,0,1,0,34,0,34,0
HR Management,com.atomicnorth.hrm.tenant.service.dto.employement.viewDTO,EmpDocumentViewTabDTO,395,0,78,0,10,0,62,0,23,0
HR Management,com.atomicnorth.hrm.tenant.service.dto.employement.viewDTO,GroupDTO,215,0,38,0,12,0,33,0,14,0
HR Management,com.atomicnorth.hrm.tenant.service.dto.employement.viewDTO,EmployeeSkillViewDTO,795,0,158,0,20,0,122,0,43,0
HR Management,com.atomicnorth.hrm.tenant.domain.roles,ApplicationModule,1915,0,382,0,48,0,290,0,99,0
HR Management,com.atomicnorth.hrm.tenant.domain.roles,UserRole,1795,0,358,0,45,0,272,0,93,0
HR Management,com.atomicnorth.hrm.tenant.domain.roles,Role,2195,0,438,0,55,0,332,0,113,0
HR Management,com.atomicnorth.hrm.tenant.domain.roles,FunctionEntity,2035,0,406,0,51,0,308,0,105,0
HR Management,com.atomicnorth.hrm.tenant.domain.roles,Application,395,0,78,0,10,0,62,0,23,0
HR Management,com.atomicnorth.hrm.tenant.domain.roles,FeatureFunction,1875,0,374,0,47,0,284,0,97,0
HR Management,com.atomicnorth.hrm.tenant.domain.roles,RolePermissions,1955,0,390,0,49,0,296,0,101,0
HR Management,com.atomicnorth.hrm.tenant.service.lookup,LookupTypeConfigurationService,1230,0,88,0,229,0,68,0,24,0
HR Management,com.atomicnorth.hrm.tenant.service.mail,EmailService,73,0,6,0,19,0,6,0,3,0
HR Management,com.atomicnorth.hrm.tenant.web.rest.jobOpening,JobOpeningController,1165,0,20,0,204,0,37,0,27,0
HR Management,com.atomicnorth.hrm.tenant.web.rest.jobOpening,JobOfferTermsController.new TypeReference() {...},6,0,0,0,1,0,1,0,1,0
HR Management,com.atomicnorth.hrm.tenant.web.rest.jobOpening,JobOfferTermsController.new TypeReference() {...},6,0,0,0,1,0,1,0,1,0
HR Management,com.atomicnorth.hrm.tenant.web.rest.jobOpening,JobOfferTermsController,529,0,40,0,112,0,30,0,10,0
HR Management,com.atomicnorth.hrm.exception,ProjectConfigOld,7,0,0,0,2,0,2,0,2,0
HR Management,com.atomicnorth.hrm.exception,HttpMessageNotReadableException,8,0,0,0,4,0,2,0,2,0
HR Management,com.atomicnorth.hrm.exception,InvalidApiRequestException,8,0,0,0,4,0,2,0,2,0
HR Management,com.atomicnorth.hrm.exception,DatabaseOperationException,9,0,0,0,4,0,2,0,2,0
HR Management,com.atomicnorth.hrm.exception,BadApiRequestException,11,0,0,0,6,0,3,0,3,0
HR Management,com.atomicnorth.hrm.exception,ResourceNotFoundException,15,0,0,0,7,0,4,0,4,0
HR Management,com.atomicnorth.hrm.exception,ResourceNotFoundException.ResourceNotFoundExceptionBuilder,9,0,0,0,1,0,3,0,3,0
HR Management,com.atomicnorth.hrm.exception,DataNotFoundException,11,0,0,0,6,0,3,0,3,0
HR Management,com.atomicnorth.hrm.exception,GlobalExceptionHandler,405,0,34,0,70,0,31,0,14,0
HR Management,com.atomicnorth.hrm.tenant.service.dto.lookup,LookupCodeTranslationDTO,366,0,0,0,39,0,74,0,74,0
HR Management,com.atomicnorth.hrm.tenant.service.dto.lookup,LookupTypeTranslationDTO,236,0,0,0,26,0,48,0,48,0
HR Management,com.atomicnorth.hrm.tenant.web.rest.employeeGrade,EmployeeGradeController,222,0,2,0,43,0,6,0,5,0
HR Management,com.atomicnorth.hrm.tenant.service.profileoptions,ProfileOptionsService,89,0,6,0,21,0,8,0,5,0
HR Management,com.atomicnorth.hrm.tenant.web.rest.vm,ManagedUserVM,14,0,0,0,6,0,4,0,4,0
HR Management,com.atomicnorth.hrm.tenant.web.rest.vm,KeyAndPasswordVM,24,0,0,0,10,0,7,0,7,0
HR Management,com.atomicnorth.hrm.tenant.web.rest.vm,LoginVM,37,0,0,0,14,0,10,0,10,0
HR Management,com.atomicnorth.hrm.tenant.domain.MasterAddress,AddressMaster,1075,0,208,0,34,0,161,0,57,0
HR Management,com.atomicnorth.hrm.configuration.multitenant,MultiTenantDataSourceRouting,5,0,0,0,2,0,2,0,2,0
HR Management,com.atomicnorth.hrm.configuration.multitenant,CurrentTenantIdentifierResolverImpl,7,0,0,0,3,0,3,0,3,0
HR Management,com.atomicnorth.hrm.configuration.multitenant,MasterPersistenceConfig,71,0,0,0,18,0,3,0,3,0
HR Management,com.atomicnorth.hrm.configuration.multitenant,AbstractRoutingDataSource,3,0,0,0,1,0,1,0,1,0
HR Management,com.atomicnorth.hrm.configuration.multitenant,MultiTenantDataSourceLookup,116,0,2,0,30,0,6,0,5,0
HR Management,com.atomicnorth.hrm.configuration.multitenant,TenantPersistenceConfig,78,0,0,0,19,0,3,0,3,0
HR Management,com.atomicnorth.hrm.configuration.multitenant,DataSourceConfigDetails,76,0,0,0,33,0,15,0,15,0
HR Management,com.atomicnorth.hrm.configuration.multitenant,TenantDataSourceInitializer,3,0,0,0,1,0,1,0,1,0
HR Management,com.atomicnorth.hrm.configuration.multitenant,MultiTenantConnectionProviderImpl,79,0,2,0,17,0,5,0,4,0
HR Management,com.atomicnorth.hrm.configuration.multitenant,TenantContextHolder,25,0,0,0,8,0,5,0,5,0
HR Management,com.atomicnorth.hrm.tenant.service.dto.manageColumn.get_data_dto,SesM00UserManageColumnsGetResponseDTO,128,0,0,0,14,0,23,0,23,0
HR Management,com.atomicnorth.hrm.tenant.service.dto.manageColumn.get_data_dto,UserManageColumnDetailsGetDTO,116,0,0,0,13,0,21,0,21,0
HR Management,com.atomicnorth.hrm.tenant.service.project,ProjectService,8272,1,558,0,1715,1,454,1,165,1
HR Management,com.atomicnorth.hrm.tenant.service.project,ProjectService.new Thread() {...},30,0,0,0,3,0,2,0,2,0
HR Management,com.atomicnorth.hrm.tenant.service.project,ProjectService.new Thread() {...},30,0,0,0,3,0,2,0,2,0
HR Management,com.atomicnorth.hrm.tenant.service.project,ProjectService.new Thread() {...},48,0,0,0,6,0,2,0,2,0
HR Management,com.atomicnorth.hrm.tenant.service.asset,AssetService,431,0,34,0,77,0,30,0,13,0
HR Management,com.atomicnorth.hrm.tenant.service.branch,BranchService,1426,0,108,0,321,0,83,0,29,0
HR Management,com.atomicnorth.hrm.tenant.web.rest.approvalflow,ApprovalFlowController,471,0,42,0,93,0,34,0,13,0
HR Management,com.atomicnorth.hrm.tenant.service.dto.translation,TranslationDTO,555,0,110,0,14,0,86,0,31,0
HR Management,com.atomicnorth.hrm.tenant.service.dto.location,CountryMasterDTO,235,0,46,0,6,0,38,0,15,0
HR Management,com.atomicnorth.hrm.tenant.service.dto.location,CityMasterDTO,235,0,46,0,6,0,38,0,15,0
HR Management,com.atomicnorth.hrm.tenant.service.dto.location,StateMasterDTO,235,0,46,0,6,0,38,0,15,0
HR Management,com.atomicnorth.hrm.tenant.web.rest.asset,AssetController,154,0,2,0,26,0,6,0,5,0
HR Management,com.atomicnorth.hrm.tenant.domain.manageColumn,SesM00UserManageColumns,136,0,0,0,16,0,28,0,28,0
HR Management,com.atomicnorth.hrm.tenant.domain.manageColumn,SesM01UserManageColumnDetails,128,0,0,0,14,0,23,0,23,0
HR Management,com.atomicnorth.hrm.tenant.service.dto.employement.employeeDocument,EmployeeDocumentResponseDTO,357,38,78,0,8,2,52,10,13,10
HR Management,com.atomicnorth.hrm.tenant.web.rest.branch,BranchController.new TypeReference() {...},6,0,0,0,1,0,1,0,1,0
HR Management,com.atomicnorth.hrm.tenant.web.rest.branch,BranchController.new TypeReference() {...},6,0,0,0,1,0,1,0,1,0
HR Management,com.atomicnorth.hrm.tenant.web.rest.branch,BranchController,1154,0,54,0,229,0,48,0,21,0
HR Management,com.atomicnorth.hrm.tenant.service.dto.branch,LeaveTypeDto,1216,0,206,0,55,0,160,0,57,0
HR Management,com.atomicnorth.hrm.tenant.service.dto.branch,BranchWithAddressDto,296,0,54,0,9,0,45,0,18,0
HR Management,com.atomicnorth.hrm.tenant.service.dto.branch,HRSettingDto,1227,0,222,0,57,0,171,0,60,0
HR Management,com.atomicnorth.hrm.tenant.service.dto.branch,BranchDto,366,0,62,0,18,0,52,0,21,0
HR Management,com.atomicnorth.hrm.tenant.service.leave,ApplyLeaveService,1477,0,229,0,283,0,155,0,36,0
HR Management,com.atomicnorth.hrm.tenant.service.leave,LeaveApprovalService,746,0,84,0,134,0,69,0,19,0
HR Management,com.atomicnorth.hrm.tenant.service.translation,SupraTranslationCommonServices,436,0,44,0,104,0,39,0,17,0
HR Management,com.atomicnorth.hrm.master.web.rest,DataSourceConfigResource,108,0,4,0,23,0,7,0,5,0
HR Management,com.atomicnorth.hrm.configuration.security.jwt,JWTFilter,82,0,12,0,25,0,9,0,3,0
HR Management,com.atomicnorth.hrm.configuration.security.jwt,TokenProvider,499,0,18,0,101,0,18,0,9,0
HR Management,com.atomicnorth.hrm.configuration.security.jwt,JWTConfigurer,18,0,0,0,6,0,2,0,2,0
HR Management,com.atomicnorth.hrm.util.shortcodesGeneration,MessageShortcodeGeneration,58,0,0,0,18,0,2,0,2,0
HR Management,com.atomicnorth.hrm.tenant.web.rest.designation,DesignationSkillController,472,0,10,0,97,0,14,0,9,0
HR Management,com.atomicnorth.hrm.configuration,ApplicationProperties.ClientApp,13,0,0,0,5,0,3,0,3,0
HR Management,com.atomicnorth.hrm.configuration,ApplicationDefaults.Security.RememberMe,3,0,0,0,1,0,1,0,1,0
HR Management,com.atomicnorth.hrm.configuration,ApplicationProperties.Logging.Logstash,43,0,0,0,17,0,9,0,9,0
HR Management,com.atomicnorth.hrm.configuration,ApplicationProperties.Security.RememberMe,13,0,0,0,5,0,3,0,3,0
HR Management,com.atomicnorth.hrm.configuration,CRLFLogConverter,127,0,12,0,23,0,11,0,5,0
HR Management,com.atomicnorth.hrm.configuration,ApplicationProperties.Security.Authentication.Jwt,43,0,0,0,17,0,9,0,9,0
HR Management,com.atomicnorth.hrm.configuration,ApplicationProperties.Logging,21,0,0,0,7,0,4,0,4,0
HR Management,com.atomicnorth.hrm.configuration,AsyncConfiguration,50,0,0,0,12,0,3,0,3,0
HR Management,com.atomicnorth.hrm.configuration,ExceptionHandlingAsyncTaskExecutor,92,0,4,0,31,0,14,0,12,0
HR Management,com.atomicnorth.hrm.configuration,ApplicationDefaults.Security.ClientAuthorization,9,0,0,0,4,0,1,0,1,0
HR Management,com.atomicnorth.hrm.configuration,ApplicationProperties.Cache,11,0,0,0,3,0,2,0,2,0
HR Management,com.atomicnorth.hrm.configuration,WebConfigurer,152,0,14,0,38,0,14,0,7,0
HR Management,com.atomicnorth.hrm.configuration,ApplicationProperties,59,0,0,0,15,0,8,0,8,0
HR Management,com.atomicnorth.hrm.configuration,JacksonConfiguration,23,0,0,0,6,0,6,0,6,0
HR Management,com.atomicnorth.hrm.configuration,DateTimeFormatConfiguration,14,0,0,0,5,0,2,0,2,0
HR Management,com.atomicnorth.hrm.configuration,ApplicationProperties.Mail,33,0,0,0,13,0,7,0,7,0
HR Management,com.atomicnorth.hrm.configuration,DatabaseConfiguration,10,0,0,0,4,0,1,0,1,0
HR Management,com.atomicnorth.hrm.configuration,ApplicationProperties.Security.Authentication,11,0,0,0,3,0,2,0,2,0
HR Management,com.atomicnorth.hrm.configuration,ApplicationProperties.Cache.Ehcache,23,0,0,0,9,0,5,0,5,0
HR Management,com.atomicnorth.hrm.configuration,ApplicationDefaults.Security.Authentication.Jwt,5,0,0,0,2,0,1,0,1,0
HR Management,com.atomicnorth.hrm.configuration,ApplicationProperties.Security,45,0,0,0,13,0,7,0,7,0
HR Management,com.atomicnorth.hrm.configuration,ApplicationProperties.Security.OAuth2,18,0,0,0,5,0,3,0,3,0
HR Management,com.atomicnorth.hrm.configuration,ApplicationProperties.Datasource,38,0,0,0,11,0,11,0,11,0
HR Management,com.atomicnorth.hrm.configuration,ApplicationProperties.Security.ClientAuthorization,43,0,0,0,17,0,9,0,9,0
HR Management,com.atomicnorth.hrm.configuration.cache,PrefixedSimpleKey,97,0,10,0,17,0,9,0,4,0
HR Management,com.atomicnorth.hrm.configuration.cache,PrefixedKeyGenerator,74,0,6,0,17,0,7,0,4,0
HR Management,com.atomicnorth.hrm.exception.employement,EmployeeAssignmentNotFoundException,4,0,0,0,2,0,1,0,1,0
HR Management,com.atomicnorth.hrm.exception.employement,EmployeeServiceException,9,0,0,0,4,0,2,0,2,0
HR Management,com.atomicnorth.hrm.viewBean,LeaveRequestBean,475,0,94,0,12,0,74,0,27,0
HR Management,com.atomicnorth.hrm.viewBean,LeaveBean,355,0,70,0,9,0,56,0,21,0
HR Management,com.atomicnorth.hrm.tenant.domain.attendance,SupraShiftEntity,564,0,110,0,15,0,88,0,33,0
HR Management,com.atomicnorth.hrm.tenant.domain.attendance,AttendanceMoaf,475,0,94,0,12,0,74,0,27,0
HR Management,com.atomicnorth.hrm.tenant.domain.attendance,EmpRosterRemark,1875,0,374,0,47,0,284,0,97,0
HR Management,com.atomicnorth.hrm.tenant.domain.attendance,SupraShiftDetailEntity,515,0,102,0,13,0,80,0,29,0
HR Management,com.atomicnorth.hrm.tenant.domain.attendance,ShiftEmployeeEntity,86,0,0,0,11,0,18,0,18,0
HR Management,com.atomicnorth.hrm.tenant.service.dto.manageColumn,SesM01UserManageColumnDetailsDTO,395,0,78,0,10,0,62,0,23,0
HR Management,com.atomicnorth.hrm.tenant.service.dto.manageColumn,SesM01UserManageColumnDetailsResponseDTO,435,0,86,0,11,0,68,0,25,0
HR Management,com.atomicnorth.hrm.tenant.service.dto.manageColumn,SesM00UserManageColumnsDTO,555,0,110,0,14,0,86,0,31,0
HR Management,com.atomicnorth.hrm.tenant.service.dto.manageColumn,SesM00UserManageColumnsResponseDTO,555,0,110,0,14,0,86,0,31,0
HR Management,com.atomicnorth.hrm.master.domain,TenantJobStatus,296,0,54,0,28,0,45,0,18,0
HR Management,com.atomicnorth.hrm.master.domain,DataSourceConfig,147,0,10,0,57,0,29,0,24,0
HR Management,com.atomicnorth.hrm.tenant.service.dto.employeeGrade,EmployeeGradeDTO,335,0,54,0,20,0,46,0,19,0
HR Management,com.atomicnorth.hrm.tenant.web.rest.manageColumn,UserManageController,244,0,10,0,69,0,10,0,5,0
HR Management,com.atomicnorth.hrm.tenant.service.dto.logs,ErrorDetails,258,0,48,0,7,0,41,0,17,0
HR Management,com.atomicnorth.hrm.tenant.service.dto.logs,LogRequest,355,0,70,0,9,0,56,0,21,0
HR Management,com.atomicnorth.hrm.tenant.domain.location,CountryMaster,238,0,46,0,7,0,38,0,15,0
HR Management,com.atomicnorth.hrm.tenant.domain.location,StateMaster,235,0,46,0,6,0,38,0,15,0
HR Management,com.atomicnorth.hrm.tenant.domain.location,CityMaster,238,0,46,0,7,0,38,0,15,0
HR Management,com.atomicnorth.hrm.tenant.service.dto.project.ProjectResponse,ProjectDocumentResponseDTO,395,0,78,0,10,0,62,0,23,0
HR Management,com.atomicnorth.hrm.tenant.service.dto.project.ProjectResponse,ProjectRequestDTO,1155,0,230,0,29,0,176,0,61,0
HR Management,com.atomicnorth.hrm.tenant.service.dto.project.ProjectResponse,ProjectResponseDTO,1315,0,262,0,33,0,200,0,69,0
HR Management,com.atomicnorth.hrm.tenant.service.employement.employee_on_boarding,OnboardingService,1007,0,94,0,183,0,72,0,23,0
HR Management,com.atomicnorth.hrm.tenant.service.language,SupraLanguageServices,59,0,0,0,14,0,6,0,6,0
HR Management,com.atomicnorth.hrm.tenant.domain.lookup,LookupType,955,0,190,0,24,0,146,0,51,0
HR Management,com.atomicnorth.hrm.tenant.domain.lookup,LookupCode,1555,0,310,0,39,0,236,0,81,0
HR Management,com.atomicnorth.hrm.tenant.domain.employeeExit,EmpExitKtHandoverDetail,475,0,94,0,12,0,74,0,27,0
HR Management,com.atomicnorth.hrm.tenant.domain.employeeExit,EmpExitInterview,475,0,94,0,12,0,74,0,27,0
HR Management,com.atomicnorth.hrm.tenant.domain.employeeExit,EmpExitAdminClearance,395,0,78,0,10,0,62,0,23,0
HR Management,com.atomicnorth.hrm.tenant.domain.employeeExit,EmpExitApproval,313,0,62,0,8,0,50,0,19,0
HR Management,com.atomicnorth.hrm.tenant.domain.employeeExit,EmpExitKtHandover,355,0,70,0,9,0,56,0,21,0
HR Management,com.atomicnorth.hrm.tenant.domain.employeeExit,EmpExitFinanceClearanceDetails,355,0,70,0,9,0,56,0,21,0
HR Management,com.atomicnorth.hrm.tenant.domain.employeeExit,EmpExitRequest,1193,0,238,0,30,0,182,0,63,0
HR Management,com.atomicnorth.hrm.tenant.domain.employeeExit,EmpExitInterviewFeedback,195,0,38,0,5,0,32,0,13,0
HR Management,com.atomicnorth.hrm.tenant.domain.employeeExit,EmpExitFullFinalSettlementDetails,315,0,62,0,8,0,50,0,19,0
HR Management,com.atomicnorth.hrm.tenant.domain.employeeExit,EmpExitFinanceClearance,555,0,110,0,14,0,86,0,31,0
HR Management,com.atomicnorth.hrm.tenant.domain.employeeExit,EmpExitFullFinalSettlement,515,0,102,0,13,0,80,0,29,0
HR Management,com.atomicnorth.hrm.tenant.domain.employeeExit,EmpExitInterviewers,195,0,38,0,5,0,32,0,13,0
HR Management,com.atomicnorth.hrm.util.Enum,SequenceType,87,0,0,0,15,0,1,0,1,0
HR Management,com.atomicnorth.hrm.util.Enum,Active,15,0,0,0,3,0,1,0,1,0
HR Management,com.atomicnorth.hrm.tenant.domain.employement,EmployeeGroup,210,0,38,0,7,0,33,0,14,0
HR Management,com.atomicnorth.hrm.tenant.domain.employement,EmployeeEducationHistory,554,0,102,0,15,0,81,0,30,0
HR Management,com.atomicnorth.hrm.tenant.domain.employement,EmployeeAddress,560,0,102,0,16,0,81,0,30,0
HR Management,com.atomicnorth.hrm.tenant.domain.employement,EmployeeAccountEntity,2274,0,422,0,55,0,321,0,110,0
HR Management,com.atomicnorth.hrm.tenant.domain.employement,EmployeeWorkHistory,597,0,110,0,16,0,87,0,32,0
HR Management,com.atomicnorth.hrm.tenant.domain.employement,EmployeeFamily,511,0,94,0,14,0,75,0,28,0
HR Management,com.atomicnorth.hrm.tenant.domain.employement,EmployeeSkillSetEntity,640,0,118,0,17,0,93,0,34,0
HR Management,com.atomicnorth.hrm.tenant.domain.notificationTemplates,NotificationTemplates,855,0,158,0,22,0,123,0,44,0
HR Management,com.atomicnorth.hrm.tenant.service.dto.accessgroup.view,UserWatcherFlagDTO,275,0,54,0,10,0,44,0,17,0
HR Management,com.atomicnorth.hrm.tenant.service.dto.accessgroup.view,CommentViewDTO,315,0,62,0,9,0,50,0,19,0
HR Management,com.atomicnorth.hrm.tenant.service.dto.employement.employeeAddressDTO,Ses_M00_Addresses_Request,597,0,110,0,16,0,87,0,32,0
HR Management,com.atomicnorth.hrm.tenant.service.dto.employement.employeeAddressDTO,Ses_M00_Addresses_Response,555,0,110,0,14,0,86,0,31,0
HR Management,com.atomicnorth.hrm.tenant.service.timesheet,ApplyTimeSheetService,641,0,26,0,107,0,22,0,9,0
HR Management,com.atomicnorth.hrm.tenant.service.timesheet,TimeSheetApprovalService,1704,0,142,0,301,0,88,0,17,0
HR Management,com.atomicnorth.hrm.tenant.domain.employeeGrade,EmployeeGrade,296,0,54,0,9,0,45,0,18,0
HR Management,com.atomicnorth.hrm.tenant.service.dto.employement.Response,EmployeeResponseDTO,3541,367,726,0,87,6,456,93,93,93
HR Management,com.atomicnorth.hrm.tenant.service.jobOpening,JobOpeningService,2109,0,111,0,464,0,109,0,52,0
HR Management,com.atomicnorth.hrm.tenant.service.jobOpening,JobRequisitionService,635,0,52,0,130,0,42,0,16,0
HR Management,com.atomicnorth.hrm.tenant.service.jobOpening,JobOfferTermsService,980,0,58,0,232,0,59,0,29,0
HR Management,com.atomicnorth.hrm.tenant.service.jobOpening,StaffPlanService,583,0,30,0,114,0,27,0,12,0
HR Management,com.atomicnorth.hrm.tenant.service.dto.jobOpening,JobOfferDTO,902,0,178,0,23,0,138,0,49,0
HR Management,com.atomicnorth.hrm.tenant.service.dto.jobOpening,JobOfferTermsTemplateDto,409,0,82,0,13,0,65,0,24,0
HR Management,com.atomicnorth.hrm.tenant.service.dto.jobOpening,StaffPlanDTO,275,0,54,0,8,0,44,0,17,0
HR Management,com.atomicnorth.hrm.tenant.service.dto.jobOpening,TermsConditionDto,395,0,78,0,10,0,62,0,23,0
HR Management,com.atomicnorth.hrm.tenant.service.dto.jobOpening,JobOpeningDTO,955,0,190,0,24,0,146,0,51,0
HR Management,com.atomicnorth.hrm.tenant.service.dto.jobOpening,JobOfferTermMasterDto,315,0,62,0,8,0,50,0,19,0
HR Management,com.atomicnorth.hrm.tenant.service.dto.jobOpening,TermsConditionDepartmentDTO,235,0,46,0,6,0,38,0,15,0
HR Management,com.atomicnorth.hrm.tenant.service.dto.jobOpening,JobOfferTermDTO,475,0,94,0,12,0,74,0,27,0
HR Management,com.atomicnorth.hrm.tenant.service.dto.jobOpening,StaffPlanDetailsDTO,355,0,70,0,10,0,56,0,21,0
HR Management,com.atomicnorth.hrm.tenant.service.dto.jobOpening,OfferTermMasterDTO,435,0,86,0,11,0,68,0,25,0
HR Management,com.atomicnorth.hrm.tenant.service.dto.accessgroup,FunctionAccessDTO,45,0,0,0,9,0,13,0,13,0
HR Management,com.atomicnorth.hrm.tenant.service.dto.accessgroup,AccessGroupDTO,44,0,0,0,12,0,9,0,9,0
HR Management,com.atomicnorth.hrm.tenant.service.dto.accessgroup,SupraAccessGroupDTO,341,0,64,0,17,0,51,0,19,0
HR Management,com.atomicnorth.hrm.tenant.service.dto.accessgroup,UserWatchersDTO,1141,0,224,0,29,0,173,0,61,0
HR Management,com.atomicnorth.hrm.tenant.service.dto.accessgroup,CommentsDTO,1113,0,206,0,29,0,159,0,56,0
HR Management,com.atomicnorth.hrm.tenant.service.dto.accessgroup,UserTableEntityDTO,1165,0,230,0,31,0,176,0,61,0
HR Management,com.atomicnorth.hrm.tenant.service.dto.accessgroup,UserAssociationDataDTO,275,0,54,0,9,0,44,0,17,0
HR Management,com.atomicnorth.hrm.tenant.service.dto.accessgroup,UserTableDTO,250,0,46,0,13,0,38,0,15,0
HR Management,com.atomicnorth.hrm.tenant.service.designation,DesignationSkillService,1019,0,46,0,235,0,50,0,27,0
HR Management,com.atomicnorth.hrm.tenant.domain.reimbursement,ReimbursementRequestMapping,635,0,126,0,16,0,98,0,35,0
HR Management,com.atomicnorth.hrm.tenant.domain.reimbursement,ReimbursementDocument,541,0,104,0,14,0,83,0,31,0
HR Management,com.atomicnorth.hrm.tenant.domain.reimbursement,ReimbursementType,195,0,38,0,5,0,32,0,13,0
HR Management,com.atomicnorth.hrm.tenant.domain.reimbursement,ReimbursementActionHistory,315,0,62,0,8,0,50,0,19,0
HR Management,com.atomicnorth.hrm.tenant.domain.reimbursement,ReimbursementRequest,555,0,110,0,14,0,86,0,31,0
HR Management,com.atomicnorth.hrm.tenant.service.location,LocationService,105,0,0,0,23,0,9,0,9,0
HR Management,com.atomicnorth.hrm.tenant.domain.asset,EmpAssetAssignment,395,0,78,0,10,0,62,0,23,0
HR Management,com.atomicnorth.hrm.tenant.domain.asset,AssetCategory,235,0,46,0,6,0,38,0,15,0
HR Management,com.atomicnorth.hrm.tenant.domain.asset,CategoryMaster,235,0,46,0,6,0,38,0,15,0
HR Management,com.atomicnorth.hrm.tenant.domain.asset,AssetMaster,395,0,78,0,10,0,62,0,23,0
HR Management,com.atomicnorth.hrm.util.commonClass,CommonFeatures,80,0,0,0,12,0,2,0,2,0
HR Management,com.atomicnorth.hrm.util.commonClass,PaginatedResponse,167,26,22,0,5,3,20,7,9,7
HR Management,com.atomicnorth.hrm.util.commonClass,JsonNodeType,105,0,6,0,28,0,15,0,12,0
HR Management,com.atomicnorth.hrm.util.commonClass,ApiResponse,210,45,42,0,3,17,32,6,11,6
HR Management,com.atomicnorth.hrm.tenant.web.rest.division,UserDivisionMasterController,190,0,2,0,37,0,6,0,5,0
HR Management,com.atomicnorth.hrm.tenant.service.attendance,AttendanceMoafService,1287,0,124,0,267,0,78,0,16,0
HR Management,com.atomicnorth.hrm.tenant.service.attendance,ShiftAssignmentsServices,2193,0,127,0,437,0,143,0,77,0
HR Management,com.atomicnorth.hrm.tenant.service.attendance,ShiftRosterService,2073,0,166,0,413,0,98,0,15,0
HR Management,com.atomicnorth.hrm.tenant.service.attendance,ViewAttendanceService,910,0,129,0,174,0,92,0,15,0
HR Management,com.atomicnorth.hrm.tenant.domain.translation,SupraTranslation,1875,0,374,0,47,0,284,0,97,0
HR Management,com.atomicnorth.hrm.tenant.service.roles,RoleAndPermissionsService,1686,0,124,0,352,0,86,0,24,0
HR Management,com.atomicnorth.hrm.tenant.service.company,SetUpCompanyService,1010,0,75,0,200,0,68,0,15,0
HR Management,com.atomicnorth.hrm.tenant.web.rest.timesheet,TimeSheetApprovalController,457,0,30,0,82,0,23,0,8,0
HR Management,com.atomicnorth.hrm.tenant.web.rest.timesheet,ApplyTimeSheetController,212,0,8,0,38,0,9,0,5,0
HR Management,com.atomicnorth.hrm.tenant.domain.timeSheet,SupraEmpAttendanceLogs,1835,0,366,0,46,0,278,0,95,0
HR Management,com.atomicnorth.hrm.tenant.domain.timeSheet,ActionHistory,1795,0,358,0,45,0,272,0,93,0
HR Management,com.atomicnorth.hrm.tenant.domain.timeSheet,O2CInvoiceResourceBillingDetail,359,0,8,0,55,0,87,0,83,0
HR Management,com.atomicnorth.hrm.tenant.domain.timeSheet,UserTaskMapping,2235,0,446,0,56,0,338,0,115,0
HR Management,com.atomicnorth.hrm.util.Exception,ProjectConfig,7,0,0,0,2,0,2,0,2,0
HR Management,com.atomicnorth.hrm.management,SecurityMetersService,57,0,0,0,19,0,6,0,6,0
HR Management,com.atomicnorth.hrm.tenant.domain,Group,210,0,38,0,7,0,33,0,14,0
HR Management,com.atomicnorth.hrm.tenant.domain,InterviewRound,1799,88,348,2,33,13,243,24,68,24
HR Management,com.atomicnorth.hrm.tenant.domain,InterviewFeedback,1779,65,342,0,33,12,242,19,71,19
HR Management,com.atomicnorth.hrm.tenant.domain,Interview,1994,108,390,0,34,17,266,31,71,31
HR Management,com.atomicnorth.hrm.tenant.domain,LeaveRequest,635,0,126,0,16,0,98,0,35,0
HR Management,com.atomicnorth.hrm.tenant.domain,InterviewType,1800,44,337,5,42,3,255,6,84,6
HR Management,com.atomicnorth.hrm.tenant.domain,User,1295,0,238,0,34,0,183,0,64,0
HR Management,com.atomicnorth.hrm.tenant.domain,LeaveAllocation,257,0,46,0,10,0,39,0,16,0
HR Management,com.atomicnorth.hrm.tenant.domain,SalaryElement,1758,0,326,0,43,0,249,0,86,0
HR Management,com.atomicnorth.hrm.tenant.domain,Approver,1738,63,334,0,34,10,237,18,70,18
HR Management,com.atomicnorth.hrm.tenant.domain,EmpSeparation,1934,0,358,0,49,0,274,0,95,0
HR Management,com.atomicnorth.hrm.tenant.domain,SalaryElementGroup,1940,0,358,0,48,0,273,0,94,0
HR Management,com.atomicnorth.hrm.tenant.domain,Employee,795,327,2,0,9,89,89,97,88,97
HR Management,com.atomicnorth.hrm.tenant.domain,Department,1907,106,370,0,33,17,254,29,69,29
HR Management,com.atomicnorth.hrm.tenant.domain,EmployeeHierarchyView,597,0,110,0,17,0,87,0,32,0
HR Management,com.atomicnorth.hrm.tenant.domain,AbstractAuditingEntity,1509,12,302,0,34,6,228,2,77,2
HR Management,com.atomicnorth.hrm.tenant.domain,LeaveAllocationDetails,474,0,86,0,14,0,69,0,26,0
HR Management,com.atomicnorth.hrm.tenant.domain,ApplicationSequence,362,0,72,0,10,0,57,0,21,0
HR Management,com.atomicnorth.hrm.tenant.service.dto.keycloak.user,KeycloakUserRequestDTO.Credential,154,0,26,0,6,0,25,0,12,0
HR Management,com.atomicnorth.hrm.tenant.service.dto.keycloak.user,KeycloakUserRequestDTO,310,0,50,0,17,0,44,0,19,0
HR Management,com.atomicnorth.hrm.tenant.service.dto.keycloak.user,KeycloakUserResponseDTO,283,0,50,0,9,0,43,0,18,0
HR Management,com.atomicnorth.hrm.tenant.domain.employement.employee_on_boarding,OnboardActivity,2016,0,374,0,49,0,285,0,98,0
HR Management,com.atomicnorth.hrm.tenant.domain.employement.employee_on_boarding,OnboardApplicant,2532,0,470,0,61,0,357,0,122,0
HR Management,com.atomicnorth.hrm.tenant.web.rest.reimbursement,Reimbursement,826,0,64,0,149,0,51,0,19,0
HR Management,com.atomicnorth.hrm.tenant.web.rest.reimbursement,Reimbursement.new TypeReference() {...},6,0,0,0,1,0,1,0,1,0
HR Management,com.atomicnorth.hrm.tenant.web.rest.reimbursement,Reimbursement.new TypeReference() {...},6,0,0,0,1,0,1,0,1,0
HR Management,com.atomicnorth.hrm.tenant.web.rest.reimbursement,Reimbursement.new TypeReference() {...},6,0,0,0,1,0,1,0,1,0
HR Management,com.atomicnorth.hrm.tenant.web.rest.reimbursement,Reimbursement.new TypeReference() {...},6,0,0,0,1,0,1,0,1,0
HR Management,com.atomicnorth.hrm.tenant.service.logs,LoggingService,169,0,0,0,46,0,4,0,4,0
HR Management,com.atomicnorth.hrm.tenant.web.rest.leave,LeaveApprovalController,168,0,6,0,20,0,7,0,4,0
HR Management,com.atomicnorth.hrm.tenant.web.rest.leave,ApplyLeaveController,138,0,0,0,18,0,5,0,5,0
HR Management,com.atomicnorth.hrm.tenant.web.rest.project,ProjectController,3335,78,101,7,580,11,115,3,62,2
HR Management,com.atomicnorth.hrm.tenant.web.rest.lookup,LookupTypeConfiguration,377,0,8,0,114,0,15,0,11,0
HR Management,com.atomicnorth.hrm.tenant.web.rest.errors,BadRequestAlertException,41,0,0,0,10,0,4,0,4,0
HR Management,com.atomicnorth.hrm.tenant.web.rest.errors,EmailAlreadyUsedException,7,0,0,0,2,0,1,0,1,0
HR Management,com.atomicnorth.hrm.tenant.web.rest.errors,ErrorConstants,10,0,0,0,3,0,1,0,1,0
HR Management,com.atomicnorth.hrm.tenant.web.rest.errors,LoginAlreadyUsedException,7,0,0,0,2,0,1,0,1,0
HR Management,com.atomicnorth.hrm.tenant.web.rest.keycloak.role,KeycloakRoleController,342,0,8,0,68,0,12,0,8,0
HR Management,com.atomicnorth.hrm.tenant.web.rest.keycloak.role,KeycloakRoleAssignToUserController,277,0,14,0,58,0,14,0,7,0
HR Management,com.atomicnorth.hrm.util,ActivityLog,26,0,0,0,8,0,3,0,3,0
HR Management,com.atomicnorth.hrm.util,OldApiResponseMessage,155,0,26,0,10,0,25,0,12,0
HR Management,com.atomicnorth.hrm.util,LongListConverter,49,0,8,0,12,0,8,0,4,0
HR Management,com.atomicnorth.hrm.util,OldApiResponseMessageBuilder.OldApiResponseMessageBuilderBuilder,72,0,0,0,1,0,10,0,10,0
HR Management,com.atomicnorth.hrm.util,FilterKeys,417,0,0,0,54,0,1,0,1,0
HR Management,com.atomicnorth.hrm.util,JsonConverter,43,0,6,0,12,0,7,0,4,0
HR Management,com.atomicnorth.hrm.util,FileUtil,15,0,2,0,5,0,3,0,2,0
HR Management,com.atomicnorth.hrm.util,ResponseUtil,24,0,0,0,3,0,4,0,4,0
HR Management,com.atomicnorth.hrm.util,ExcelExportService,285,0,24,0,54,0,16,0,4,0
HR Management,com.atomicnorth.hrm.util,OldApiResponseMessage.OldApiResponseMessageBuilder,36,0,0,0,1,0,6,0,6,0
HR Management,com.atomicnorth.hrm.util,HeaderUtil,94,0,8,0,20,0,10,0,6,0
HR Management,com.atomicnorth.hrm.util,OldApiResponseMessageBuilder,327,0,58,0,9,0,49,0,20,0
HR Management,com.atomicnorth.hrm.util,RandomUtil,24,0,0,0,7,0,5,0,5,0
HR Management,com.atomicnorth.hrm.util,LongListConverter.new TypeReference() {...},6,0,0,0,1,0,1,0,1,0
HR Management,com.atomicnorth.hrm.util,FileStorageService,75,0,2,0,15,0,4,0,3,0
HR Management,com.atomicnorth.hrm.util,EmailUtility,225,0,6,0,59,0,9,0,6,0
HR Management,com.atomicnorth.hrm.util,AssetFileUtil,24,0,0,0,7,0,3,0,3,0
HR Management,com.atomicnorth.hrm.util,OldApiResponseBuilder,59,0,0,0,28,0,4,0,4,0
HR Management,com.atomicnorth.hrm.util,PaginationUtil,121,0,4,0,22,0,5,0,3,0
HR Management,com.atomicnorth.hrm.util,OldAPIResponse,265,0,32,0,35,0,37,0,21,0
HR Management,com.atomicnorth.hrm.util,CommonUtility,69,0,2,0,21,0,5,0,4,0
HR Management,com.atomicnorth.hrm.tenant.service.approvalflow,ApprovalFlowService,2560,0,219,0,570,0,187,0,68,0
HR Management,com.atomicnorth.hrm.tenant.service.employeeGrade,EmployeeGradeService,430,0,38,0,91,0,30,0,11,0
HR Management,com.atomicnorth.hrm.tenant.service.keycloak,KeycloakAuthService,82,0,6,0,19,0,5,0,2,0
HR Management,com.atomicnorth.hrm.tenant.swaggerConfig,SwaggerConfig,25,0,0,0,5,0,2,0,2,0
HR Management,com.atomicnorth.hrm.tenant.domain.accessgroup,UserAssociation,1753,0,350,0,44,0,266,0,91,0
HR Management,com.atomicnorth.hrm.tenant.domain.accessgroup,SesM00UserDivisionMaster,254,21,54,0,4,3,38,6,11,6
HR Management,com.atomicnorth.hrm.tenant.web.rest.employeeExit,TrackSeparationController,919,0,0,0,137,0,27,0,27,0
HR Management,com.atomicnorth.hrm.tenant.web.rest.employeeExit,EmpExitRequestController,178,0,6,0,33,0,9,0,6,0
HR Management,com.atomicnorth.hrm.tenant.service.MasterAddressService,AddressMasterService,293,0,16,0,61,0,19,0,11,0
HR Management,com.atomicnorth.hrm.tenant.domain.designation,Designation,1880,0,374,0,48,0,284,0,97,0
HR Management,com.atomicnorth.hrm.tenant.domain.designation,DesignationSkill,1795,0,358,0,45,0,272,0,93,0
HR Management,com.atomicnorth.hrm.tenant.domain.designation,SkillSet,1875,0,374,0,47,0,284,0,97,0
HR Management,com.atomicnorth.hrm.tenant.service.dto.roles,FunctionDTO,327,0,58,0,13,0,50,0,21,0
HR Management,com.atomicnorth.hrm.tenant.service.dto.roles,RoleDTO,527,0,102,0,18,0,80,0,29,0
HR Management,com.atomicnorth.hrm.tenant.service.dto.roles,RoleRequest,675,0,134,0,17,0,104,0,37,0
HR Management,com.atomicnorth.hrm.tenant.service.dto.roles,FeatureDTO,241,0,42,0,7,0,38,0,17,0
HR Management,com.atomicnorth.hrm.tenant.service.dto.roles,UserModuleFunctionFeatureDTO,336,0,62,0,17,0,50,0,19,0
HR Management,com.atomicnorth.hrm.tenant.service.dto.roles,RolePermissionDto,275,0,54,0,7,0,44,0,17,0
HR Management,com.atomicnorth.hrm.tenant.service.dto.roles,ApplicationModuleDTO,164,0,30,0,9,0,26,0,11,0
HR Management,com.atomicnorth.hrm.tenant.service.dto.roles,RolePermissionResponse,142,0,26,0,4,0,24,0,11,0
HR Management,com.atomicnorth.hrm.tenant.service,InvalidPasswordException,4,0,0,0,2,0,1,0,1,0
HR Management,com.atomicnorth.hrm.tenant.service,EmpSeparationService,85,0,8,0,18,0,8,0,4,0
HR Management,com.atomicnorth.hrm.tenant.service,InterviewRoundService,110,301,10,8,24,71,14,10,6,9
HR Management,com.atomicnorth.hrm.tenant.service,InterviewFeedbackService,76,170,6,4,16,42,7,6,2,6
HR Management,com.atomicnorth.hrm.tenant.service,EmployeeService,1358,164,172,2,256,34,119,10,32,10
HR Management,com.atomicnorth.hrm.tenant.service,UsernameAlreadyUsedException,4,0,0,0,2,0,1,0,1,0
HR Management,com.atomicnorth.hrm.tenant.service,EmployeeTemplateService,769,0,30,0,159,0,18,0,3,0
HR Management,com.atomicnorth.hrm.tenant.service,SalaryElementGroupService,701,0,50,0,150,0,46,0,21,0
HR Management,com.atomicnorth.hrm.tenant.service,LeaveAllocationService,776,0,54,0,173,0,51,0,23,0
HR Management,com.atomicnorth.hrm.tenant.service,InterviewTypeService,136,83,2,2,29,16,6,7,5,6
HR Management,com.atomicnorth.hrm.tenant.service,DepartmentService,84,592,17,31,14,137,21,22,6,13
HR Management,com.atomicnorth.hrm.tenant.service,LeaveTrackService,569,0,68,0,124,0,45,0,8,0
HR Management,com.atomicnorth.hrm.tenant.service,MailService,184,0,6,0,46,0,8,0,5,0
HR Management,com.atomicnorth.hrm.tenant.service,SequenceGeneratorService,248,0,12,0,38,0,16,0,10,0
HR Management,com.atomicnorth.hrm.tenant.service,InterviewService,166,317,22,10,40,72,22,10,8,8
HR Management,com.atomicnorth.hrm.tenant.service,EmailAlreadyUsedException,4,0,0,0,2,0,1,0,1,0
HR Management,com.atomicnorth.hrm.tenant.service,UserService,1231,0,100,0,276,0,78,0,28,0
HR Management,com.atomicnorth.hrm.tenant.domain.holiday,HolidaysCalendarDay,1983,0,366,0,50,0,280,0,97,0
HR Management,com.atomicnorth.hrm.tenant.domain.holiday,HolidaysCalendarDay.HolidaysCalendarDayBuilder,414,0,0,0,1,0,48,0,48,0
HR Management,com.atomicnorth.hrm.tenant.domain.holiday,HolidaysCalendar.HolidaysCalendarBuilder,396,0,0,0,1,0,46,0,46,0
HR Management,com.atomicnorth.hrm.tenant.domain.holiday,HolidaysCalendar,1891,0,350,0,47,0,268,0,93,0
HR Management,com.atomicnorth.hrm.tenant.web.rest.location,LocationController,134,0,0,0,25,0,5,0,5,0
HR Management,com.atomicnorth.hrm,ApplicationWebXml,28,0,0,0,6,0,2,0,2,0
HR Management,com.atomicnorth.hrm,HRManagementApp,166,0,10,0,35,0,12,0,7,0
HR Management,com.atomicnorth.hrm.util.leaveUtil,GetQueryAPI,82,0,6,0,17,0,6,0,3,0
HR Management,com.atomicnorth.hrm.util.leaveUtil,FilterKeys,417,0,0,0,54,0,1,0,1,0
HR Management,com.atomicnorth.hrm.tenant.web.rest.employement.employee_job_applicant,JobApplicantController,467,0,22,0,102,0,19,0,8,0
HR Management,com.atomicnorth.hrm.configuration.security,UserNotActivatedException,9,0,0,0,4,0,2,0,2,0
HR Management,com.atomicnorth.hrm.configuration.security,SecurityUtils,106,0,16,0,23,0,19,0,11,0
HR Management,com.atomicnorth.hrm.configuration.security,SpringSecurityAuditorAware,9,0,0,0,2,0,2,0,2,0
HR Management,com.atomicnorth.hrm.configuration.security,SecurityConfiguration,389,0,0,0,68,0,4,0,4,0
HR Management,com.atomicnorth.hrm.configuration.security,DomainUserDetailsService,74,0,2,0,16,0,7,0,6,0
HR Management,com.atomicnorth.hrm.tenant.service.employement.employee_job_applicant,JobApplicantService,929,0,74,0,181,0,55,0,18,0
HR Management,com.atomicnorth.hrm.tenant.service.dto.division,DivisionDropdownDTO,112,12,22,0,3,2,19,2,8,2
HR Management,com.atomicnorth.hrm.tenant.service.dto.division,UserDivisionMasterDTO,1703,17,344,0,42,3,256,5,84,5
HR Management,com.atomicnorth.hrm.tenant.service.dto.employeeExit,TrackSeparationDTO,1395,0,278,0,35,0,212,0,73,0
HR Management,com.atomicnorth.hrm.tenant.service.dto.employeeExit,SeparationListDTO,475,0,94,0,12,0,74,0,27,0
HR Management,com.atomicnorth.hrm.tenant.service.dto.employeeExit,EmpExitKtHandoverDetailDTO,555,0,110,0,14,0,86,0,31,0
HR Management,com.atomicnorth.hrm.tenant.service.dto.employeeExit,EmpExitFinanceClearanceDTO,395,0,78,0,10,0,62,0,23,0
HR Management,com.atomicnorth.hrm.tenant.service.dto.employeeExit,EmployeeAssetClearance,355,0,70,0,9,0,56,0,21,0
HR Management,com.atomicnorth.hrm.tenant.service.dto.employeeExit,AdminClearanceDto,355,0,70,0,9,0,56,0,21,0
HR Management,com.atomicnorth.hrm.tenant.service.dto.employeeExit,EmpExitApprovalDTO,1195,0,238,0,30,0,182,0,63,0
HR Management,com.atomicnorth.hrm.tenant.service.dto.employeeExit,KtHandOverDto,298,0,56,0,8,0,47,0,19,0
HR Management,com.atomicnorth.hrm.tenant.service.dto.employeeExit,EmpExitFullFinalSettlementDTO,995,0,198,0,25,0,152,0,53,0
HR Management,com.atomicnorth.hrm.tenant.service.dto.employeeExit,EmpExitFullFinalSettlementDetailsDTO,315,0,62,0,8,0,50,0,19,0
HR Management,com.atomicnorth.hrm.tenant.service.dto.employeeExit,EmpExitInterviewDTO,875,0,174,0,22,0,134,0,47,0
HR Management,com.atomicnorth.hrm.tenant.service.dto.employeeExit,EmpExitInterviewFeedbackDTO,195,0,38,0,5,0,32,0,13,0
HR Management,com.atomicnorth.hrm.tenant.service.dto.employeeExit,EmpExitAdminClearanceDTO,555,0,110,0,14,0,86,0,31,0
HR Management,com.atomicnorth.hrm.tenant.service.dto.employeeExit,FinanceClearanceDetailsDTO,355,0,70,0,9,0,56,0,21,0
HR Management,com.atomicnorth.hrm.tenant.service.dto.employeeExit,EmpExitRequestDTO,1155,0,230,0,29,0,176,0,61,0
HR Management,com.atomicnorth.hrm.tenant.service.dto.employeeExit,EmpExitKtHandoverDTO,515,0,102,0,13,0,80,0,29,0
HR Management,com.atomicnorth.hrm.tenant.service.dto.employeeExit,FinanceClearanceDTO,515,0,102,0,13,0,80,0,29,0
HR Management,com.atomicnorth.hrm.tenant.service.reimbursement,ReimbursementService,2358,0,224,0,444,0,148,0,36,0
HR Management,com.atomicnorth.hrm.tenant.service.dto.employement,LeaveBalanceOtherInforTabDTO,555,0,110,0,14,0,86,0,31,0
HR Management,com.atomicnorth.hrm.tenant.service.dto.employement,EmployeeFamilyDTO,116,0,0,0,14,0,24,0,24,0
HR Management,com.atomicnorth.hrm.tenant.service.dto.employement,SesM04SkillsSet,555,0,110,0,14,0,86,0,31,0
HR Management,com.atomicnorth.hrm.tenant.service.dto.employement,AddEmployee,640,0,118,0,17,0,93,0,34,0
HR Management,com.atomicnorth.hrm.tenant.service.dto.employement,EmployeeBasicDetails,34,0,2,0,4,0,3,0,2,0
HR Management,com.atomicnorth.hrm.tenant.service.dto.employement,SesM04SkillsVersionMaster,475,0,94,0,12,0,74,0,27,0
HR Management,com.atomicnorth.hrm.tenant.service.dto.employement,EmployeeContactInfoDTO,726,0,134,0,19,0,105,0,38,0
HR Management,com.atomicnorth.hrm.tenant.service.dto.employement,EmployeeWorkHistDTO,555,0,110,0,14,0,86,0,31,0
HR Management,com.atomicnorth.hrm.tenant.service.dto.employement,CreateEmployee,1285,0,238,0,32,0,183,0,64,0
HR Management,com.atomicnorth.hrm.tenant.service.dto.employement,EmployeeSkillSetDTO,106,0,0,0,13,0,22,0,22,0
HR Management,com.atomicnorth.hrm.tenant.service.dto.employement,EmployeeWorkInfoDTO,1156,0,214,0,29,0,165,0,58,0
HR Management,com.atomicnorth.hrm.tenant.service.dto.employement,EmployeeGroupDTO,370,0,62,0,19,0,52,0,21,0
HR Management,com.atomicnorth.hrm.tenant.service.dto.employement,EmployeePersonalInfoDTO,1242,0,230,0,31,0,177,0,62,0
HR Management,com.atomicnorth.hrm.tenant.service.dto.employement,EmployeeAccountsDTO,216,0,0,0,24,0,44,0,44,0
HR Management,com.atomicnorth.hrm.tenant.domain.branch,HRSettings,1134,0,226,0,35,0,172,0,59,0
HR Management,com.atomicnorth.hrm.tenant.domain.branch,EmployeeAdvance,635,0,126,0,16,0,98,0,35,0
HR Management,com.atomicnorth.hrm.tenant.domain.branch,Branch,275,0,54,0,7,0,44,0,17,0
HR Management,com.atomicnorth.hrm.tenant.domain.branch,LeaveTypes,1075,0,214,0,27,0,164,0,57,0
HR Management,com.atomicnorth.hrm.tenant.service.division,UserDivisionMasterService,310,211,44,10,58,44,34,11,7,11
HR Management,com.atomicnorth.hrm.tenant.service.dto.employement.employee_job_applicant,JobApplicantDTO,1275,0,254,0,32,0,194,0,67,0
HR Management,com.atomicnorth.hrm.logging,LoggingAspect,116,0,10,0,27,0,11,0,6,0
HR Management,com.atomicnorth.hrm.tenant.domain.employement.employee_job_applicant,JobApplicant,2435,0,486,0,61,0,368,0,125,0
HR Management,com.atomicnorth.hrm.tenant.service.employement.employeeDocument,EmployeeDocumentService,514,506,95,25,113,106,67,10,5,10
HR Management,com.atomicnorth.hrm.tenant.service.employement.employeeDocument,EmployeeDocumentService.new TransactionSynchronization() {...},39,0,0,0,8,0,2,0,2,0
HR Management,com.atomicnorth.hrm.tenant.service.employement.employeeDocument,EmployeeDocumentService.new TransactionSynchronization() {...},39,0,0,0,8,0,2,0,2,0
HR Management,com.atomicnorth.hrm.tenant.service.dto.asset,AssetMasterDTO,3,0,0,0,1,0,1,0,1,0
HR Management,com.atomicnorth.hrm.tenant.service.dto.asset,EmpAssetAssignmentDTO,675,0,134,0,17,0,104,0,37,0
HR Management,com.atomicnorth.hrm.tenant.helper,PageableResponse,84,0,0,0,19,0,16,0,16,0
HR Management,com.atomicnorth.hrm.tenant.helper,Helper,36,0,0,0,9,0,2,0,2,0
HR Management,com.atomicnorth.hrm.tenant.helper,PageableResponse.PageableResponseBuilder,63,0,0,0,1,0,9,0,9,0
HR Management,com.atomicnorth.hrm.tenant.helper,UserLoginDetail,77,10,0,0,11,4,22,3,22,3
HR Management,com.atomicnorth.hrm.tenant.helper,SessionHolder,6,13,0,0,3,4,2,3,2,3
HR Management,com.atomicnorth.hrm.tenant.helper,AppConfig,7,0,0,0,2,0,2,0,2,0
HR Management,com.atomicnorth.hrm.tenant.helper,Constant,49,0,0,0,16,0,2,0,2,0
HR Management,com.atomicnorth.hrm.tenant.service.dto.project,ProjectPriceDTO,355,0,70,0,9,0,56,0,21,0
HR Management,com.atomicnorth.hrm.tenant.service.dto.project,ProjectMilestoneDTO,715,0,142,0,18,0,110,0,39,0
HR Management,com.atomicnorth.hrm.tenant.service.dto.project,ProjectDTO,1115,0,222,0,28,0,170,0,59,0
HR Management,com.atomicnorth.hrm.tenant.service.dto.project,ProjectTemplateTaskDTO,355,0,70,0,9,0,56,0,21,0
HR Management,com.atomicnorth.hrm.tenant.service.dto.project,TaskStoryDTO,2050,0,406,0,59,0,309,0,106,0
HR Management,com.atomicnorth.hrm.tenant.service.dto.project,ProjectTemplateDTO,435,0,86,0,11,0,68,0,25,0
HR Management,com.atomicnorth.hrm.tenant.service.dto.project,PriceElementDTO,515,0,102,0,13,0,80,0,29,0
HR Management,com.atomicnorth.hrm.tenant.service.dto.project,ProjectAllocationHistoryDTO,515,0,102,0,13,0,80,0,29,0
HR Management,com.atomicnorth.hrm.tenant.service.dto.project,ProjectPriceMappingDTO,475,0,94,0,12,0,74,0,27,0
HR Management,com.atomicnorth.hrm.tenant.service.dto.project,ProjectAllocationDTO,675,0,134,0,17,0,104,0,37,0
HR Management,com.atomicnorth.hrm.tenant.service.dto.project,ProjectListDTO,138,0,24,0,4,0,23,0,11,0
HR Management,com.atomicnorth.hrm.tenant.service.dto.project,ProjectDTOs,155,0,30,0,4,0,26,0,11,0
HR Management,com.atomicnorth.hrm.tenant.service.dto.project,SubTaskStoryDTO,275,0,54,0,7,0,44,0,17,0
HR Management,com.atomicnorth.hrm.tenant.service.dto.project,UserProjectDTO,115,0,22,0,3,0,20,0,9,0
HR Management,com.atomicnorth.hrm.tenant.service.dto.project,ProjectPricingDTO,275,0,54,0,7,0,44,0,17,0
HR Management,com.atomicnorth.hrm.tenant.service.dto.employement.skillSetDropdown,Skill_Category_DTO,595,0,118,0,15,0,92,0,33,0
HR Management,com.atomicnorth.hrm.tenant.service.dto.employement.skillSetDropdown,SkillVersionDTO,515,0,102,0,13,0,80,0,29,0
HR Management,com.atomicnorth.hrm.tenant.service.dto.employement.skillSetDropdown,EmployeesSkillSetDTO,475,0,94,0,12,0,74,0,27,0
HR Management,com.atomicnorth.hrm.tenant.service.dto.employement.skillSetDropdown,SkillListDTO,595,0,118,0,15,0,92,0,33,0
HR Management,com.atomicnorth.hrm.tenant.service.dto.employement.skillSetDropdown,EmployeeSkillSetResponseDTO,795,0,158,0,20,0,122,0,43,0
HR Management,com.atomicnorth.hrm.tenant.service.dto.keycloak,KeycloakTokenRequestDTO,339,0,62,0,10,0,51,0,20,0
HR Management,com.atomicnorth.hrm.tenant.service.dto.keycloak,KeycloakTokenResponseDTO,219,0,34,0,8,0,33,0,16,0
HR Management,com.atomicnorth.hrm.tenant.web.rest.employement.employeeDocument,EmployeeDocumentController,385,0,28,0,75,0,22,0,8,0
HR Management,com.atomicnorth.hrm.tenant.web.rest,LeaveTrackController,66,0,0,0,12,0,2,0,2,0
HR Management,com.atomicnorth.hrm.tenant.web.rest,EmployeeResource,716,0,22,0,105,0,32,0,20,0
HR Management,com.atomicnorth.hrm.tenant.web.rest,AccountResource.AccountResourceException,4,0,0,0,2,0,1,0,1,0
HR Management,com.atomicnorth.hrm.tenant.web.rest,InterviewFeedbackController.new TypeReference() {...},6,0,0,0,1,0,1,0,1,0
HR Management,com.atomicnorth.hrm.tenant.web.rest,InterviewFeedbackController.new TypeReference() {...},6,0,0,0,1,0,1,0,1,0
HR Management,com.atomicnorth.hrm.tenant.web.rest,InterviewRoundController,514,0,40,0,87,0,32,0,12,0
HR Management,com.atomicnorth.hrm.tenant.web.rest,InterviewController,559,0,44,0,106,0,36,0,14,0
HR Management,com.atomicnorth.hrm.tenant.web.rest,UserResource,318,0,10,0,64,0,14,0,9,0
HR Management,com.atomicnorth.hrm.tenant.web.rest,UserJWTController,110,0,2,0,25,0,4,0,3,0
HR Management,com.atomicnorth.hrm.tenant.web.rest,LeaveAllocationController,484,0,20,0,86,0,22,0,12,0
HR Management,com.atomicnorth.hrm.tenant.web.rest,DepartmentController,850,0,104,0,130,0,70,0,13,0
HR Management,com.atomicnorth.hrm.tenant.web.rest,InterviewTypeController.new TypeReference() {...},6,0,0,0,1,0,1,0,1,0
HR Management,com.atomicnorth.hrm.tenant.web.rest,InterviewTypeController.new TypeReference() {...},6,0,0,0,1,0,1,0,1,0
HR Management,com.atomicnorth.hrm.tenant.web.rest,UserJWTController.JWTToken,36,0,0,0,15,0,8,0,8,0
HR Management,com.atomicnorth.hrm.tenant.web.rest,InterviewFeedbackController,418,0,36,0,74,0,28,0,10,0
HR Management,com.atomicnorth.hrm.tenant.web.rest,InterviewController.new TypeReference() {...},6,0,0,0,1,0,1,0,1,0
HR Management,com.atomicnorth.hrm.tenant.web.rest,InterviewController.new TypeReference() {...},6,0,0,0,1,0,1,0,1,0
HR Management,com.atomicnorth.hrm.tenant.web.rest,InterviewRoundController.new TypeReference() {...},6,0,0,0,1,0,1,0,1,0
HR Management,com.atomicnorth.hrm.tenant.web.rest,InterviewRoundController.new TypeReference() {...},6,0,0,0,1,0,1,0,1,0
HR Management,com.atomicnorth.hrm.tenant.web.rest,AccountResource,147,0,18,0,38,0,17,0,8,0
HR Management,com.atomicnorth.hrm.tenant.web.rest,ClientForwardController,5,0,0,0,2,0,2,0,2,0
HR Management,com.atomicnorth.hrm.tenant.web.rest,SalaryElementGroupController,526,0,18,0,91,0,19,0,10,0
HR Management,com.atomicnorth.hrm.tenant.web.rest,InterviewTypeController,512,0,40,0,87,0,32,0,12,0
HR Management,com.atomicnorth.hrm.tenant.web.rest.holiday,HolidaysCalendarController,386,0,6,0,78,0,11,0,8,0
HR Management,com.atomicnorth.hrm.tenant.service.dto.company,SetUpCompanyDTOForRequest,1117,0,206,0,29,0,160,0,57,0
HR Management,com.atomicnorth.hrm.tenant.service.dto.company,SetUpCompanyUpdateDTOForRequest.SetUpCompanyUpdateDTOForRequestBuilder,225,0,0,0,1,0,27,0,27,0
HR Management,com.atomicnorth.hrm.tenant.service.dto.company,SetUpCompanyUpdateDTOForRequest,1074,0,198,0,28,0,154,0,55,0
HR Management,com.atomicnorth.hrm.tenant.service.dto.company,SetUpCompanyDTOForResponse.SetUpCompanyDTOForResponseBuilder,405,0,0,0,1,0,47,0,47,0
HR Management,com.atomicnorth.hrm.tenant.service.dto.company,SetUpCompanyDTOForResponse,1934,0,358,0,48,0,274,0,95,0
HR Management,com.atomicnorth.hrm.tenant.service.dto.company,SetUpCompanyDTOForRequest.SetUpCompanyDTOForRequestBuilder,234,0,0,0,1,0,28,0,28,0
HR Management,com.atomicnorth.hrm.tenant.service.scheduler,DynamicSchedulerService,166,0,11,0,45,0,13,0,6,0
HR Management,com.atomicnorth.hrm.tenant.service.scheduler,LeaveUpdateCronService,295,0,32,0,68,0,23,0,6,0
HR Management,com.atomicnorth.hrm.tenant.service.dto.employement.employee_on_boarding,OnboardingApplicantDTO,2035,0,406,0,51,0,308,0,105,0
HR Management,com.atomicnorth.hrm.tenant.service.dto.employement.employee_on_boarding,OnboardingActivitesDTO,1795,0,358,0,45,0,272,0,93,0
HR Management,com.atomicnorth.hrm.tenant.service.holiday,HolidaysCalendarService,1423,0,94,0,303,0,76,0,28,0
HR Management,com.atomicnorth.hrm.tenant.service.dto.keycloak.role,KeycloakUserRoleDTO,270,0,46,0,9,0,41,0,18,0
HR Management,com.atomicnorth.hrm.tenant.service.dto.keycloak.role,KeycloakRoleRequestDTO,124,0,22,0,5,0,21,0,10,0
HR Management,com.atomicnorth.hrm.tenant.service.dto.keycloak.role,KeycloakRoleResponseDTO,249,0,46,0,7,0,40,0,17,0
HR Management,com.atomicnorth.hrm.tenant.service.dto.keycloak.role,KeycloakRoleAssignToUserRequestDTO,124,0,22,0,5,0,21,0,10,0
HR Management,com.atomicnorth.hrm.tenant.service.dto.approvalflow,ApprovalFlowDto,595,0,118,0,15,0,92,0,33,0
HR Management,com.atomicnorth.hrm.tenant.service.dto.approvalflow,ApprovalFlowDelegationDto,315,0,62,0,8,0,50,0,19,0
HR Management,com.atomicnorth.hrm.tenant.service.dto.approvalflow,LevelMasterDTO,315,0,62,0,8,0,50,0,19,0
HR Management,com.atomicnorth.hrm.tenant.service.dto.approvalflow,WorkflowRequestDetailsDto,124,0,22,0,5,0,21,0,10,0
HR Management,com.atomicnorth.hrm.tenant.service.dto.approvalflow,WorkflowStatusDto,554,0,102,0,15,0,81,0,30,0
HR Management,com.atomicnorth.hrm.tenant.service.dto.approvalflow,ApprovalFlowLevelDto,395,0,78,0,10,0,62,0,23,0
HR Management,com.atomicnorth.hrm.tenant.service.dto.approvalflow,ApprovalFlowRequestMappingDto,315,0,62,0,8,0,50,0,19,0
HR Management,com.atomicnorth.hrm.tenant.service.dto.approvalflow,ApprovalFlowFunctionMappingDto,235,0,46,0,6,0,38,0,15,0
HR Management,com.atomicnorth.hrm.tenant.service.dto.approvalflow,ApprovalFlowLevelMappingDto,355,0,70,0,9,0,56,0,21,0
HR Management,com.atomicnorth.hrm.tenant.web.rest.profileoptions,ProfileOptionsController,54,0,2,0,14,0,5,0,4,0
HR Management,com.atomicnorth.hrm.tenant.web.rest.MasterAddress,AddressMasterController,212,0,2,0,41,0,6,0,5,0
HR Management,com.atomicnorth.hrm.tenant.web.rest.employement.employee_on_boarding,OnboardingController,213,0,0,0,42,0,6,0,6,0
HR Management,com.atomicnorth.hrm.tenant.domain.project,Project,2704,0,502,0,65,0,381,0,130,0
HR Management,com.atomicnorth.hrm.tenant.domain.project,ProjectTaskRoleUser,1955,0,390,0,50,0,296,0,101,0
HR Management,com.atomicnorth.hrm.tenant.domain.project,ProjectTaskAllocation,2075,0,414,0,52,0,314,0,107,0
HR Management,com.atomicnorth.hrm.tenant.domain.project,ProjectDocument,1941,0,384,0,49,0,293,0,101,0
HR Management,com.atomicnorth.hrm.tenant.domain.project,ProjectPriceAllocation,2155,0,430,0,54,0,326,0,111,0
HR Management,com.atomicnorth.hrm.tenant.domain.project,ProjectAllocation,2275,0,454,0,57,0,344,0,117,0
HR Management,com.atomicnorth.hrm.tenant.domain.project,ProjectMilestone,475,0,94,0,12,0,74,0,27,0
HR Management,com.atomicnorth.hrm.tenant.domain.project,TaskStory,1080,0,214,0,28,0,164,0,57,0
HR Management,com.atomicnorth.hrm.tenant.domain.project,ProjectTaskRole,1835,0,366,0,46,0,278,0,95,0
HR Management,com.atomicnorth.hrm.tenant.domain.project,ProjectTemplateTask,195,0,38,0,5,0,32,0,13,0
HR Management,com.atomicnorth.hrm.tenant.domain.project,ProjectPriceMapping,1795,0,358,0,45,0,272,0,93,0
HR Management,com.atomicnorth.hrm.tenant.domain.project,ProjectTemplate,275,0,54,0,7,0,44,0,17,0
HR Management,com.atomicnorth.hrm.tenant.domain.project,ProjectAllocationHistory,2195,0,438,0,55,0,332,0,113,0
HR Management,com.atomicnorth.hrm.tenant.domain.project,SubTaskStory,275,0,54,0,7,0,44,0,17,0
HR Management,com.atomicnorth.hrm.tenant.service.util,Utility,45,0,2,0,13,0,3,0,2,0
HR Management,com.atomicnorth.hrm.tenant.service.manageColumn,UserManageService,755,0,26,0,189,0,33,0,20,0
HR Management,com.atomicnorth.hrm.tenant.web.rest.keycloak.user,KeycloakUserController,239,0,6,0,51,0,10,0,7,0
HR Management,com.atomicnorth.hrm.tenant.service.dto.customers,CustomerDTO,715,0,142,0,18,0,110,0,39,0
HR Management,com.atomicnorth.hrm.tenant.service.dto.customers,CustomerSiteDTO,1115,0,222,0,28,0,170,0,59,0
HR Management,com.atomicnorth.hrm.tenant.service.dto.customers,CustomerAccountDTO,915,0,182,0,23,0,140,0,49,0
HR Management,com.atomicnorth.hrm.tenant.service.dto.customers,CustomerEntityCustomerSiteDTO,186,0,0,0,21,0,38,0,38,0
HR Management,com.atomicnorth.hrm.tenant.service.dto.customers,CustomerSiteDetailsDTO,379,0,70,0,10,0,56,0,21,0
HR Management,com.atomicnorth.hrm.tenant.domain.language,SupraLanguageEntity,1715,0,342,0,43,0,260,0,89,0
HR Management,com.atomicnorth.hrm.tenant.domain.jobOpening,TermsCondition,275,0,54,0,7,0,44,0,17,0
HR Management,com.atomicnorth.hrm.tenant.domain.jobOpening,OfferTermMaster,275,0,54,0,7,0,44,0,17,0
HR Management,com.atomicnorth.hrm.tenant.domain.jobOpening,TermConditionDepartmentMapping,195,0,38,0,5,0,32,0,13,0
HR Management,com.atomicnorth.hrm.tenant.domain.jobOpening,JobOffer,2315,0,462,0,58,0,350,0,119,0
HR Management,com.atomicnorth.hrm.tenant.domain.jobOpening,StaffPlan,306,0,54,0,10,0,45,0,18,0
HR Management,com.atomicnorth.hrm.tenant.domain.jobOpening,JobOfferTermsTemplate,315,0,62,0,8,0,50,0,19,0
HR Management,com.atomicnorth.hrm.tenant.domain.jobOpening,JobOfferTerm,1835,0,366,0,46,0,278,0,95,0
HR Management,com.atomicnorth.hrm.tenant.domain.jobOpening,JobOpening,2489,0,462,0,60,0,351,0,120,0
HR Management,com.atomicnorth.hrm.tenant.domain.jobOpening,JobRequisitionDTO,769,0,142,0,20,0,111,0,40,0
HR Management,com.atomicnorth.hrm.tenant.domain.jobOpening,StaffPlanDetails,554,0,102,0,15,0,81,0,30,0
HR Management,com.atomicnorth.hrm.tenant.domain.jobOpening,JobRequisition,898,0,166,0,23,0,129,0,46,0
HR Management,com.atomicnorth.hrm.tenant.web.rest.employement,EmployeeAccountResource,366,0,16,0,62,0,15,0,7,0
HR Management,com.atomicnorth.hrm.tenant.web.rest.employement,EmployeeEducationHistController,169,0,4,0,25,0,7,0,5,0
HR Management,com.atomicnorth.hrm.tenant.web.rest.employement,EmployeeGroupController,223,0,2,0,45,0,6,0,5,0
HR Management,com.atomicnorth.hrm.tenant.web.rest.employement,EmployeeFamilyController,148,0,0,0,21,0,5,0,5,0
HR Management,com.atomicnorth.hrm.tenant.web.rest.employement,EmployeeWorkController,171,0,4,0,26,0,7,0,5,0
HR Management,com.atomicnorth.hrm.tenant.web.rest.employement,EmployeeAddressController,76,0,2,0,11,0,4,0,3,0
HR Management,com.atomicnorth.hrm.tenant.web.rest.employement,EmployeeSkillSetResource,80,0,2,0,12,0,5,0,4,0
HR Management,com.atomicnorth.hrm.util.config,WebClientConfig,8,0,0,0,3,0,3,0,3,0
HR Management,com.atomicnorth.hrm.util.config,EmailConfig,53,0,0,0,14,0,2,0,2,0
HR Management,com.atomicnorth.hrm.tenant.domain.customers,Customer,715,0,142,0,18,0,110,0,39,0
HR Management,com.atomicnorth.hrm.tenant.domain.customers,CustomerSite,1115,0,222,0,28,0,170,0,59,0
HR Management,com.atomicnorth.hrm.tenant.domain.customers,CustomerAccount,915,0,182,0,23,0,140,0,49,0
HR Management,com.atomicnorth.hrm.tenant.service.dto.designation,DesignationSkillResponseDTO,210,0,38,0,7,0,33,0,14,0
HR Management,com.atomicnorth.hrm.tenant.service.dto.designation,DesignationDTO,604,0,118,0,22,0,93,0,34,0
HR Management,com.atomicnorth.hrm.tenant.service.dto.designation,SkillSetDTO,610,0,118,0,22,0,92,0,33,0
HR Management,com.atomicnorth.hrm.tenant.service.dto.designation,DesignationSkillDTO,475,0,94,0,13,0,74,0,27,0
HR Management,com.atomicnorth.hrm.tenant.service.advanceSearch,SearchAvailableColumnService,55,0,2,0,16,0,4,0,3,0
HR Management,com.atomicnorth.hrm.tenant.web.rest.roles,RoleAndPermissions,220,0,4,0,42,0,9,0,7,0
HR Management,com.atomicnorth.hrm.tenant.service.employement,EmployeeGroupService,517,0,40,0,101,0,29,0,9,0
HR Management,com.atomicnorth.hrm.tenant.service.employement,EmployeeSkillSetService,194,0,6,0,49,0,9,0,6,0
HR Management,com.atomicnorth.hrm.tenant.service.employement,EmployeeWorkService,235,0,8,0,55,0,11,0,7,0
HR Management,com.atomicnorth.hrm.tenant.service.employement,EmployeeFamilyService,195,0,6,0,48,0,9,0,6,0
HR Management,com.atomicnorth.hrm.tenant.service.employement,EmployeeAccountService,516,0,22,0,102,0,22,0,11,0
HR Management,com.atomicnorth.hrm.tenant.service.employement,EmployeeAddressService,202,0,6,0,51,0,8,0,5,0
HR Management,com.atomicnorth.hrm.tenant.service.employement,EmployeeEducationHistService,246,0,8,0,62,0,11,0,7,0
HR Management,com.atomicnorth.hrm.tenant.service.keycloak.user,KeycloakUserService,669,0,40,0,150,0,36,0,14,0
HR Management,com.atomicnorth.hrm.tenant.service.dto,LeaveAllocationDTO,296,0,54,0,9,0,45,0,18,0
HR Management,com.atomicnorth.hrm.tenant.service.dto,InterviewFeedbackDTO,458,57,102,0,10,4,65,15,14,15
HR Management,com.atomicnorth.hrm.tenant.service.dto,EmployeeProfileDTO,343,0,70,0,12,0,55,0,20,0
HR Management,com.atomicnorth.hrm.tenant.service.dto,SalaryElementGroupDTO,515,0,102,0,14,0,80,0,29,0
HR Management,com.atomicnorth.hrm.tenant.service.dto,ApproverDTO,344,51,78,0,5,6,48,14,9,14
HR Management,com.atomicnorth.hrm.tenant.service.dto,TrackLeaveDTO,475,0,94,0,12,0,74,0,27,0
HR Management,com.atomicnorth.hrm.tenant.service.dto,EmpSeparationDTO,555,0,110,0,15,0,86,0,31,0
HR Management,com.atomicnorth.hrm.tenant.service.dto,AdminUserDTO,1313,0,238,0,58,0,184,0,65,0
HR Management,com.atomicnorth.hrm.tenant.service.dto,InterviewDTO,658,97,150,0,8,12,89,27,14,27
HR Management,com.atomicnorth.hrm.tenant.service.dto,EmployeeDTO,617,0,116,0,36,0,92,0,34,0
HR Management,com.atomicnorth.hrm.tenant.service.dto,LeaveRequestMappingDTO,515,0,102,0,13,0,80,0,29,0
HR Management,com.atomicnorth.hrm.tenant.service.dto,InterviewRoundDTO,543,92,124,2,8,9,74,24,11,24
HR Management,com.atomicnorth.hrm.tenant.service.dto,LeaveAllocationDetailsDTO,560,0,102,0,15,0,81,0,30,0
HR Management,com.atomicnorth.hrm.tenant.service.dto,InterviewTypeDTO,378,17,78,0,7,4,57,5,18,5
HR Management,com.atomicnorth.hrm.tenant.service.dto,LeaveAllocationRequestDTO,296,0,54,0,9,0,45,0,18,0
HR Management,com.atomicnorth.hrm.tenant.service.dto,EmployeeProjectAllocationDTO,315,0,62,0,8,0,50,0,19,0
HR Management,com.atomicnorth.hrm.tenant.service.dto,DepartmentDTO,653,102,150,0,9,11,88,28,13,28
HR Management,com.atomicnorth.hrm.tenant.service.dto,SalaryElementDTO,315,0,62,0,9,0,50,0,19,0
HR Management,com.atomicnorth.hrm.tenant.service.dto,EmployeeProjectDTO,86,0,0,0,10,0,16,0,16,0
HR Management,com.atomicnorth.hrm.tenant.service.dto,EmployeeAdvanceDto,751,0,126,0,35,0,100,0,37,0
HR Management,com.atomicnorth.hrm.tenant.service.dto,EmployeeEducationHistoryDTO,554,0,102,0,15,0,81,0,30,0
HR Management,com.atomicnorth.hrm.tenant.service.dto,DepartmentIdNameDTO,124,0,22,0,5,0,21,0,10,0
HR Management,com.atomicnorth.hrm.tenant.service.dto,EmployeeHierarchyViewDTO,435,0,86,0,11,0,68,0,25,0
HR Management,com.atomicnorth.hrm.tenant.service.dto.timeSheetDTO,WeeklyTimesheetSummary,475,0,94,0,12,0,74,0,27,0
HR Management,com.atomicnorth.hrm.tenant.service.dto.timeSheetDTO,UserTaskMappingDTO,1596,0,304,0,41,0,237,0,85,0
HR Management,com.atomicnorth.hrm.tenant.service.dto.timeSheetDTO,UserTimesheetDTO,115,0,22,0,3,0,20,0,9,0
HR Management,com.atomicnorth.hrm.tenant.service.dto.timeSheetDTO,CreateTimeSheetDTO,200,0,38,0,5,0,32,0,13,0
HR Management,com.atomicnorth.hrm.tenant.service.dto.timeSheetDTO,TimesheetDTO,643,0,118,0,30,0,93,0,34,0
HR Management,com.atomicnorth.hrm.tenant.domain.employement.employeeDocument,EmployeeDocument,461,40,88,0,6,9,61,12,17,12
HR Management,com.atomicnorth.hrm.tenant.domain.employement.employeeDocument,EmployeeDocument.EmployeeDocumentBuilder,109,0,0,0,1,0,14,0,14,0
HR Management,com.atomicnorth.hrm.tenant.service.dto.leave,LeaveLedgerDTO,425,0,78,0,12,0,63,0,24,0
HR Management,com.atomicnorth.hrm.tenant.service.dto.leave,LeaveDateDTO,155,0,30,0,4,0,26,0,11,0
HR Management,com.atomicnorth.hrm.tenant.service.dto.leave,GetUserListBasedOnProjects,195,0,38,0,5,0,32,0,13,0
HR Management,com.atomicnorth.hrm.tenant.service.dto.leave,LeaveDetail,167,0,30,0,10,0,27,0,12,0
HR Management,com.atomicnorth.hrm.tenant.service.dto.leave,LeaveRequestDTO,769,0,142,0,20,0,111,0,40,0
HR Management,com.atomicnorth.hrm.tenant.service.dto.reimbursement,RequestDTO,551,0,102,0,27,0,80,0,29,0
HR Management,com.atomicnorth.hrm.tenant.service.dto.reimbursement,ExpenseRequestDTO,219,0,34,0,6,0,32,0,15,0
HR Management,com.atomicnorth.hrm.tenant.service.dto.reimbursement,ExpenseDocumentDTO,421,0,80,0,11,0,65,0,25,0
HR Management,com.atomicnorth.hrm.tenant.service.dto.reimbursement,ReimbursementApprovalDTO,275,0,54,0,7,0,44,0,17,0
HR Management,com.atomicnorth.hrm.tenant.service.dto.reimbursement,ReimbursementRequestDTO,755,0,150,0,19,0,116,0,41,0
HR Management,com.atomicnorth.hrm.tenant.service.dto.reimbursement,ExpenseDTO,745,0,124,0,21,0,102,0,40,0
HR Management,com.atomicnorth.hrm.tenant.service.employeeExit,EmpExitKtHandoverService,506,0,42,0,105,0,33,0,12,0
HR Management,com.atomicnorth.hrm.tenant.service.employeeExit,EmpExitAdminClearanceService,363,0,24,0,65,0,25,0,13,0
HR Management,com.atomicnorth.hrm.tenant.service.employeeExit,EmpExitRequestService,1439,0,185,0,274,0,132,0,31,0
HR Management,com.atomicnorth.hrm.tenant.service.employeeExit,TrackSeparationService,1586,0,140,0,321,0,98,0,28,0
HR Management,com.atomicnorth.hrm.tenant.service.employeeExit,EmpExitInterviewService,373,0,8,0,80,0,17,0,13,0
HR Management,com.atomicnorth.hrm.tenant.service.employeeExit,EmpExitFinanceClearanceService,439,0,24,0,87,0,28,0,16,0
HR Management,com.atomicnorth.hrm.tenant.service.employeeExit,EmpExitFullFinalSettlementService,768,0,50,0,159,0,44,0,19,0
HR Management,com.atomicnorth.hrm.tenant.service.employeeExit,EmpExitApprovalService,27,0,0,0,8,0,3,0,3,0
HR Management,com.atomicnorth.hrm.tenant.web.rest.translation,TranslationData.new TypeReference() {...},6,0,0,0,1,0,1,0,1,0
HR Management,com.atomicnorth.hrm.tenant.web.rest.translation,TranslationData,255,0,16,0,62,0,15,0,7,0
HR Management,com.atomicnorth.hrm.tenant.service.dto.holiday,HolidaysCalendarSaveRequest,1647,0,328,0,46,0,249,0,85,0
HR Management,com.atomicnorth.hrm.tenant.service.dto.holiday,HolidaysCalendarDayResponse,1875,0,374,0,47,0,284,0,97,0
HR Management,com.atomicnorth.hrm.tenant.service.dto.holiday,HolidaysCalendarDayRequest,1715,0,342,0,43,0,260,0,89,0
HR Management,com.atomicnorth.hrm.tenant.service.dto.holiday,HolidaysCalendarSaveResponse,1675,0,334,0,42,0,254,0,87,0
HR Management,com.atomicnorth.hrm.tenant.web.rest.customers,CustomerResource,1004,0,50,0,156,0,43,0,18,0
HR Management,com.atomicnorth.hrm.tenant.domain.leave,LeaveLedgerEntity,66,0,0,0,9,0,14,0,14,0
HR Management,com.atomicnorth.hrm.tenant.domain.leave,LeaveEmpBalance,395,0,78,0,10,0,62,0,23,0
HR Management,com.atomicnorth.hrm.tenant.service.translationexporter,ExportTranslatedData,155,0,10,0,40,0,14,0,9,0
HR Management,com.atomicnorth.hrm.tenant.service.dto.employement.employementDocumentDTO,DocumentResponseDTO,475,0,94,0,12,0,74,0,27,0
HR Management,com.atomicnorth.hrm.tenant.service.dto.employement.employementDocumentDTO,EmployeeScanDocumentDTO,435,0,86,0,11,0,68,0,25,0
HR Management,com.atomicnorth.hrm.tenant.service.customers,CustomerService,2228,0,194,0,351,0,164,0,62,0
HR Management,com.atomicnorth.hrm.tenant.domain.approvalflow,ApprovalFlowLevelMapping,355,0,70,0,9,0,56,0,21,0
HR Management,com.atomicnorth.hrm.tenant.domain.approvalflow,Level,315,0,62,0,8,0,50,0,19,0
HR Management,com.atomicnorth.hrm.tenant.domain.approvalflow,WorkflowStatus,595,0,118,0,15,0,92,0,33,0
HR Management,com.atomicnorth.hrm.tenant.domain.approvalflow,ApprovalFlowDelegation,315,0,62,0,8,0,50,0,19,0
HR Management,com.atomicnorth.hrm.tenant.domain.approvalflow,ApprovalFlowFunctionMapping,235,0,46,0,6,0,38,0,15,0
HR Management,com.atomicnorth.hrm.tenant.domain.approvalflow,WorkflowRequest,355,0,70,0,9,0,56,0,21,0
HR Management,com.atomicnorth.hrm.tenant.domain.approvalflow,ApprovalFlowRequestMapping,275,0,54,0,7,0,44,0,17,0
HR Management,com.atomicnorth.hrm.tenant.domain.approvalflow,ApprovalFlow,235,0,46,0,6,0,38,0,15,0
HR Management,com.atomicnorth.hrm.tenant.domain.approvalflow,ApprovalFlowLevel,275,0,54,0,7,0,44,0,17,0
HR Management,com.atomicnorth.hrm.tenant.web.rest.attendance,AttendanceMoafController,273,0,10,0,45,0,11,0,6,0
HR Management,com.atomicnorth.hrm.tenant.web.rest.attendance,ViewAttendanceController,89,0,4,0,10,0,4,0,2,0
HR Management,com.atomicnorth.hrm.tenant.web.rest.attendance,ShiftAssignmentResource,842,0,30,0,135,0,30,0,15,0
HR Management,com.atomicnorth.hrm.tenant.web.rest.attendance,ShiftRosterController,333,0,6,0,64,0,11,0,8,0
HR Management,com.atomicnorth.hrm.tenant.service.dto.MasterAddressDTO,AddressResponseDTO,143,0,0,0,22,0,41,0,41,0
HR Management,com.atomicnorth.hrm.tenant.service.dto.MasterAddressDTO,AddressRequestDTO,755,0,150,0,20,0,116,0,41,0
HR Management,com.atomicnorth.hrm.tenant.web.rest.company,SetUpCompanyController,171,0,0,0,30,0,5,0,5,0
HR Management,com.atomicnorth.hrm.tenant.web.rest.keycloak,KeycloakAuthController,46,0,0,0,10,0,3,0,3,0
HR Management,com.atomicnorth.hrm.tenant.service.dto.language,SupraLanguageDTO,235,0,46,0,6,0,38,0,15,0
